edge_index,distance
0,0.20875853
1,0.20530036
