edge_index,distance
0,0.5983156
1,0.5969657
